angle_deg,intensity
20.0,-0.4259301980847201
20.03501750875438,1.8277153456002435
20.070035017508754,0.8012910486464774
20.105052526263133,2.1634177788510716
20.14007003501751,2.6923501719169503
20.175087543771888,-1.402368651640429
20.210105052526263,0.4399825305949828
20.245122561280642,-0.24099415434084384
20.280140070035017,-0.4165616884972208
20.315157578789396,4.006914417862358
20.35017508754377,0.03854495120152272
20.38519259629815,0.2675146719899783
20.420210105052526,-3.779156203454791
20.455227613806905,1.5091060738204694
20.49024512256128,0.6737999913162831
20.52526263131566,1.8735762783276686
20.560280140070034,1.6463234474068977
20.595297648824413,0.4723327374643427
20.63031515757879,2.683626020731715
20.665332666333168,2.2478324436362196
20.700350175087543,-4.960548328042308
20.735367683841922,0.22842484261512863
20.770385192596297,4.126048902451587
20.805402701350676,-4.4828088695807216
20.84042021010505,-1.7037996329715255
20.87543771885943,-1.0947634549423115
20.910455227613806,1.559745223272687
20.945472736368185,3.1331782339476044
20.98049024512256,0.375199205514513
21.01550775387694,0.8883175317536062
21.050525262631314,-2.9061616187044064
21.085542771385693,-2.675374423389205
21.12056028014007,1.6440578552817127
21.155577788894448,-2.481473032265142
21.190595297648823,-0.3086463624516591
21.225612806403202,-2.9973498181239377
21.260630315157577,-1.6363683687335826
21.295647823911956,1.1674606173065498
21.33066533266633,0.14296327992525837
21.36568284142071,-1.4802210914332519
21.400700350175086,1.0059561566356803
21.435717858929465,-2.4462771151132023
21.470735367683844,-1.6752502830477167
21.50575287643822,-4.196897575877074
21.540770385192594,-1.3954009546539952
21.575787893946973,-2.2243850813539643
21.610805402701352,-3.576714901239373
21.645822911455728,-1.7808985768636618
21.680840420210107,0.06763075128716166
21.715857928964482,-3.478042442179184
21.75087543771886,3.8458707815933706
21.785892946473236,0.18808306851439507
21.820910455227615,1.1546558387124206
21.85592796398199,0.30100402655907693
21.89094547273637,0.2295735333713465
21.925962981490745,0.896438996226194
21.960980490245124,0.010384736629029652
21.9959979989995,1.8748618173254241
22.031015507753878,1.5411095951364084
22.066033016508253,-0.2123476175104783
22.101050525262632,0.5541533155330718
22.136068034017008,-0.9559775601519541
22.171085542771387,-0.19111985609884774
22.206103051525762,1.5541879652306956
22.24112056028014,0.8224962986214096
22.276138069034516,0.9542392726055166
22.311155577788895,0.24049820529620944
22.34617308654327,-2.4020581863102293
22.38119059529765,0.29910947709291114
22.416208104052025,2.9201899712902364
22.451225612806404,-0.2813059323815388
22.48624312156078,1.9010431890215833
22.521260630315158,2.9616687845122316
22.556278139069533,1.072571788666314
22.591295647823912,0.26337222113798864
22.626313156578288,1.6812590987795455
22.661330665332667,0.9964686505441642
22.696348174087042,-2.216425733075801
22.73136568284142,-1.2532641673848193
22.766383191595796,1.0467830675283858
22.801400700350175,-0.5776552504593646
22.83641820910455,-0.68754482836696
22.87143571785893,-1.4681709032363426
22.90645322661331,2.5045969578760205
22.941470735367684,-1.6083540476021227
22.97648824412206,-2.997572878409637
23.011505752876438,-0.3956451792840941
23.046523261630817,-0.16494295227769037
23.081540770385192,0.8859205044186175
23.116558279139568,-3.3886437776969327
23.151575787893947,0.11851714923362171
23.186593296648326,-3.0872478803405317
23.2216108054027,-1.3636721488826762
23.25662831415708,2.3131619036549385
23.291645822911455,2.4931309568682583
23.326663331665834,3.956711302089401
23.36168084042021,0.7857742547358089
23.39669834917459,0.5153567651001857
23.431715857928964,5.862965753483021
23.466733366683343,-0.8540591604638252
23.50175087543772,-1.3032794659383524
23.536768384192097,5.293109695984236
23.571785892946473,0.5257176295385141
23.60680340170085,-0.48905059532753203
23.641820910455227,-2.2391454518833744
23.676838419209606,0.9539823309659256
23.71185592796398,-1.1479555210801107
23.74687343671836,-1.2426041785476567
23.781890945472735,-1.1612876182359344
23.816908454227114,1.2027397622130453
23.85192596298149,-1.784981593053889
23.88694347173587,-1.5397217828928917
23.921960980490244,0.45833620574892053
23.956978489244623,2.1973401038167166
23.991995997999,0.8215933592541282
24.027013506753377,-0.33421677356984486
24.062031015507753,2.2025355267282922
24.09704852426213,-1.140886374520724
24.132066033016507,-3.205783500146703
24.167083541770886,-2.137617713573231
24.202101050525265,-1.7992938248743928
24.23711855927964,-2.966321723813744
24.272136068034015,-0.2255503400252017
24.307153576788394,1.965103476206469
24.342171085542773,-0.2059686427722703
24.37718859429715,3.3996012250948127
24.412206103051524,-0.7703360491233893
24.447223611805903,3.0600410867474883
24.482241120560282,-0.0929679443012635
24.517258629314657,-0.2155693617445961
24.552276138069033,0.6439008198396549
24.58729364682341,-2.462857208240437
24.62231115557779,2.3479483764801508
24.657328664332166,-0.431491025263055
24.69234617308654,2.4112160447997404
24.72736368184092,4.269693958798862
24.7623811905953,-3.003621359281634
24.797398699349674,-4.0249320627809775
24.83241620810405,-0.24173970603712328
24.86743371685843,1.581042332148401
24.902451225612808,-1.0366383654192761
24.937468734367183,1.2743481398428804
24.972486243121562,2.1558270573082754
25.007503751875937,-3.538236732273181
25.042521260630316,2.4979897525720705
25.07753876938469,-0.07678715210259465
25.11255627813907,-1.355994843049867
25.147573786893446,-2.0424840626193923
25.182591295647825,4.822191348512362
25.2176088044022,-1.2857860152718659
25.25262631315658,-3.162781012352588
25.287643821910955,-1.1779550118860918
25.322661330665333,-2.721781823983397
25.35767883941971,-1.2489932742498637
25.392696348174088,-2.0478420057651388
25.427713856928463,-1.9486030158949894
25.462731365682842,0.49672953527718244
25.497748874437217,-2.690375549785046
25.532766383191596,0.7374911989935717
25.56778389194597,-1.2586624933837085
25.60280140070035,-0.897525862234298
25.63781890945473,0.7665237864395877
25.672836418209105,-0.12515254252772645
25.70785392696348,1.3973388684290695
25.74287143571786,-0.39431720242196194
25.777888944472238,0.6603290835661672
25.812906453226613,-0.9976471280240227
25.84792396198099,2.6499302884303684
25.882941470735368,1.815038132828985
25.917958979489747,0.99442019827998
25.952976488244122,-1.032644447587408
25.987993996998497,0.28776270464719106
26.023011505752876,3.3209719203812837
26.058029014507255,-2.0965408265489387
26.09304652326163,1.5304921360009254
26.128064032016006,2.9075500628555373
26.163081540770385,-0.906724354181974
26.198099049524764,1.0334109012378212
26.23311655827914,-0.5791761381157444
26.268134067033515,-1.1853911084437758
26.303151575787894,1.024394353868094
26.338169084542272,-2.3600593005775687
26.373186593296648,0.2355175417007234
26.408204102051027,-1.0752902712199641
26.443221610805402,-0.4960080251943738
26.47823911955978,-2.123139595961897
26.513256628314156,-0.11065725278426788
26.548274137068535,-2.0395714340261906
26.58329164582291,-1.989543665369072
26.61830915457729,1.801360319279496
26.653326663331665,-2.740438181269622
26.688344172086044,3.452660435782926
26.72336168084042,-2.924802451161349
26.758379189594798,-1.5326741743294863
26.793396698349174,-0.31484642713781447
26.828414207103553,-0.04538790386525507
26.863431715857928,-2.573816584721442
26.898449224612307,-2.0971521625321183
26.933466733366682,1.5811365027446147
26.96848424212106,-0.43937734306449033
27.003501750875436,0.7209178524725952
27.038519259629815,-5.222372299234364
27.07353676838419,-2.4825169502026805
27.10855427713857,-2.203156188439068
27.143571785892945,-0.8726227158420357
27.178589294647324,1.2384386804681535
27.213606803401703,0.015961090914033242
27.24862431215608,0.5093945548574969
27.283641820910454,3.5027095613543544
27.318659329664833,-0.7639436520015147
27.35367683841921,0.4970248477018974
27.388694347173587,0.8489997348680268
27.423711855927962,-0.4081045009738882
27.45872936468234,-0.6968815815061332
27.49374687343672,2.239285913542167
27.528764382191095,-0.8952437575276916
27.56378189094547,3.0797468427593997
27.59879939969985,-2.48656066202564
27.63381690845423,2.541689714637054
27.668834417208604,3.6809702750812345
27.70385192596298,0.4730631469549794
27.73886943471736,-0.8077687990656969
27.773886943471737,-5.291535181980516
27.808904452226113,-2.513358295789588
27.843921960980488,-0.2327691455389884
27.878939469734867,0.29625563821263007
27.913956978489246,-0.6249794852281725
27.94897448724362,0.3784594336862112
27.983991995998,1.0895677609903716
28.019009504752376,0.9742563387931109
28.054027013506754,1.6931529188559162
28.08904452226113,-1.9360045954937748
28.124062031015505,-3.135261270811967
28.159079539769884,-0.18369250992827385
28.194097048524263,-2.450498164420482
28.229114557278642,-0.16938518530004784
28.264132066033017,0.22966950092488705
28.299149574787393,0.3102771730221987
28.33416708354177,0.7856302425520018
28.36918459229615,-2.138720579221713
28.404202101050526,-3.4301368289120515
28.4392196098049,-1.5241020207771265
28.47423711855928,-1.0560671539922257
28.50925462731366,-0.7771558735101601
28.544272136068034,0.4352584662376572
28.57928964482241,-0.02867732314296187
28.61430715357679,-0.005079891344478916
28.649324662331168,-0.4405986479188427
28.684342171085543,-2.9544443402780285
28.71935967983992,-1.3885529701123205
28.754377188594297,1.999227399388599
28.789394697348676,-1.4413417255540446
28.82441220610305,-3.2503156242268276
28.859429714857427,-2.002492401088152
28.894447223611806,-0.33934397955724827
28.929464732366185,-2.6192947455684545
28.96448224112056,-1.062211220632603
28.999499749874936,-0.6426370566982583
29.034517258629315,-0.9838123637393122
29.069534767383693,-1.3228076965306856
29.10455227613807,1.6076949217806413
29.139569784892444,0.4839945230823201
29.174587293646823,1.7845058674600796
29.209604802401202,-1.5501297728576977
29.244622311155577,2.2937886871700583
29.279639819909953,2.5646875467832007
29.31465732866433,1.5251760540102381
29.34967483741871,1.8323605554718578
29.384692346173086,-0.18255891777478572
29.41970985492746,0.670721505904828
29.45472736368184,0.8713728423534135
29.48974487243622,1.7464231418311784
29.524762381190595,3.3489082968193773
29.55977988994497,-1.1698824519292266
29.59479739869935,1.012584465787151
29.629814907453728,0.06051483396464065
29.664832416208103,-2.351191415147222
29.69984992496248,-1.757090833943713
29.734867433716857,1.6362598267927517
29.769884942471236,1.7581506069189685
29.804902451225615,-1.7287681870177145
29.83991995997999,-1.5671421858242636
29.874937468734366,0.8972606912374002
29.909954977488745,1.7336422929861066
29.944972486243124,-0.5192187579524127
29.9799899949975,1.8132352362464779
30.015007503751875,-4.841682341707648
30.050025012506254,-2.680900605542105
30.085042521260632,2.2387966381681745
30.120060030015008,-0.5905084090126631
30.155077538769383,-2.783394281444483
30.190095047523762,0.02755091713646951
30.22511255627814,-2.7222165378470513
30.260130065032516,-3.371642237010453
30.295147573786892,2.5652470204663236
30.33016508254127,-0.5583211902211719
30.36518259129565,-0.17425535297971217
30.400200100050025,-1.8731501482562376
30.4352176088044,-4.177480508642829
30.47023511755878,-2.053593417738201
30.50525262631316,0.8391959829856106
30.540270135067534,-0.5839987441749241
30.57528764382191,-1.1363302465932459
30.610305152576288,-1.1902470047102935
30.645322661330667,0.9643355209415974
30.680340170085042,-0.2864495147990428
30.715357678839418,-1.6706904493370838
30.750375187593797,0.6632121122355434
30.785392696348175,0.7415226921500961
30.82041020510255,-1.1023114904068991
30.855427713856926,-1.637209933528766
30.890445222611305,-0.645492306897392
30.925462731365684,3.073284028461723
30.96048024012006,-1.871172986186172
30.995497748874435,-0.34223276513601447
31.030515257628814,2.6930007423169116
31.065532766383193,1.3963035083729227
31.100550275137568,-2.1499315364415486
31.135567783891943,0.8867422977966478
31.170585292646322,-2.493541975757347
31.2056028014007,-1.8378165802659672
31.24062031015508,1.1658109805279
31.275637818909455,0.7431227053487728
31.31065532766383,0.11444927969510194
31.34567283641821,-1.130123047113289
31.38069034517259,-0.8196432390834832
31.415707853926964,-0.594358654165456
31.45072536268134,0.7575539291623281
31.48574287143572,-1.8136370355025002
31.520760380190097,-1.0587354358826282
31.555777888944473,0.21423806779678684
31.590795397698848,-0.26182445752575906
31.625812906453227,-0.2922248416271178
31.660830415207606,-5.303640152579136
31.69584792396198,-1.5459157069555467
31.730865432716357,0.8557643792423733
31.765882941470736,-2.585190417092286
31.800900450225114,-2.9411683393029104
31.83591795897949,-2.1023657054110307
31.870935467733865,-4.635175316291765
31.905952976488244,-0.3845633227476133
31.940970485242623,-1.5150702008109806
31.975987993997,-0.5037499166205247
32.011005502751374,-3.2019132400867854
32.04602301150575,-1.718328129632511
32.08104052026013,-1.2559684730768823
32.11605802901451,-2.0763828546609298
32.15107553776888,-1.0585901521698569
32.18609304652326,0.43539360795279347
32.22111055527764,-0.3585926455780637
32.25612806403201,0.5302700563641218
32.29114557278639,2.7089376740419286
32.32616308154077,-0.5675352323077755
32.36118059029515,0.4979780617516961
32.39619809904953,-0.7166025861858002
32.4312156078039,0.306825863194085
32.46623311655828,3.456054428376189
32.50125062531266,-0.9593194707523545
32.53626813406703,-1.1766911084972727
32.57128564282141,-1.0603243760302958
32.60630315157579,0.7143287950653869
32.641320660330166,-0.018952988708640116
32.676338169084545,-3.202932363339882
32.711355677838924,2.07973493191791
32.746373186593296,-0.5804564973175279
32.781390695347675,1.5607650054394913
32.81640820410205,-0.38358509276186437
32.851425712856425,2.1653327950328087
32.886443221610804,-1.284358421329599
32.92146073036518,-3.138611254229525
32.95647823911956,0.6539805555488605
32.99149574787394,2.9345467625944974
33.02651325662831,-1.4349170699278866
33.06153076538269,-0.5928825596783044
33.09654827413707,0.0431320659612774
33.13156578289144,0.2612728331459119
33.16658329164582,-2.156164968052048
33.2016008004002,-1.5126281836518827
33.23661830915458,-0.5551254997429308
33.27163581790896,0.012153412836831938
33.30665332666333,1.441860638033756
33.34167083541771,-0.5413902506113145
33.37668834417209,0.9658167722761611
33.41170585292646,-0.6730005141856134
33.44672336168084,2.2463867574285428
33.48174087043522,1.6379401697846525
33.516758379189596,2.9322507602526433
33.551775887943975,-0.4026369549121604
33.58679339669835,2.9604788137615827
33.621810905452726,-3.8334857788973378
33.656828414207105,0.316826786037047
33.69184592296148,-0.4673704214583115
33.726863431715856,3.92263420919875
33.761880940470235,1.0125161407503755
33.796898449224614,-1.4095024167820807
33.83191595797899,1.4659670024062283
33.866933466733364,-4.631487043148575
33.90195097548774,2.5936214337543237
33.93696848424212,3.0660843506607276
33.971985992996494,0.5450144174344943
34.00700350175087,0.9782868736716415
34.04202101050525,-0.65059473887828
34.07703851925963,-0.9584330833592388
34.11205602801401,2.2920853840533906
34.14707353676838,-0.9311974129717046
34.18209104552276,4.79762125843249
34.21710855427714,-0.7063761369402246
34.25212606303152,3.898473054910656
34.28714357178589,1.6760029936150436
34.32216108054027,1.5895610483237983
34.35717858929465,2.70652592288021
34.39219609804903,-1.5259619551708903
34.427213606803406,3.0585396461075045
34.46223111555778,2.6671592907158237
34.49724862431216,0.09578626199884922
34.532266133066535,4.822932191713734
34.56728364182091,3.9259045868722957
34.602301150575286,1.4847239401922476
34.637318659329665,-2.6670960194891085
34.672336168084044,2.430364806102112
34.70735367683842,0.7449232646354998
34.742371185592795,2.47392272003193
34.777388694347174,1.3571152447885697
34.81240620310155,2.5745786942413775
34.847423711855924,1.0097380013157269
34.8824412206103,1.4608611401397829
34.91745872936468,-0.013970938998521388
34.95247623811906,-0.898736084334709
34.98749374687344,0.23806512814432085
35.02251125562781,1.2243615554457838
35.05752876438219,1.2584189199718818
35.09254627313657,5.309857149436188
35.12756378189094,-1.8104143585258163
35.16258129064532,-1.0371036241271843
35.1975987993997,0.38143530290473115
35.23261630815408,1.8746312796483584
35.26763381690846,1.2739267807895018
35.30265132566283,-1.8590555541240115
35.33766883441721,-3.5847930790262743
35.37268634317159,1.2465458557770581
35.40770385192596,-2.5522213287587268
35.44272136068034,2.2193075750352578
35.47773886943472,2.7031815780099735
35.512756378189096,-2.038974524256521
35.547773886943475,-1.6506121406493905
35.582791395697846,2.4780916589715547
35.617808904452225,1.625087594667002
35.652826413206604,3.037202512606263
35.687843921960976,13.944949331254147
35.722861430715355,21.687771184607058
35.757878939469734,37.37099764041331
35.79289644822411,59.37548959146683
35.82791395697849,84.84459846566013
35.86293146573287,96.54125095145541
35.89794897448724,100.94654526913875
35.93296648324162,93.08343061590081
35.967983991996,76.79572034494203
36.00300150075037,58.49064983450186
36.03801900950475,36.72041315226111
36.07303651825913,17.262067276751473
36.10805402701351,9.730947800252453
36.14307153576789,6.789766973599732
36.17808904452226,3.5238289747595495
36.21310655327664,4.3518411086680695
36.24812406203101,1.8450538757500579
36.28314157078539,1.6472887976138075
36.31815907953977,1.0437345661349724
36.35317658829415,-2.7505057920630662
36.388194097048526,-0.27370763169925977
36.423211605802905,-1.2302059319707128
36.458229114557284,-1.2937787138463157
36.493246623311656,3.7784169148809075
36.528264132066035,0.18410976607844537
36.563281640820406,3.8649755895201667
36.598299149574785,1.1378322620409187
36.633316658329164,0.07236813344806663
36.66833416708354,4.959086446712523
36.70335167583792,1.333480053852918
36.7383691845923,0.32680361109775186
36.77338669334667,-3.603228997742069
36.80840420210105,0.5613959245903074
36.843421710855424,0.6530655199104736
36.8784392196098,-1.1103120954781054
36.91345672836418,-1.857169565833345
36.94847423711856,5.429199725970003
36.98349174587294,-1.246242351351018
37.01850925462732,0.9088922060496011
37.05352676338169,-2.4074111047478866
37.08854427213607,1.2558389588656436
37.12356178089044,-0.4131795129295009
37.15857928964482,-1.1710226884139552
37.1935967983992,-2.0379667314377268
37.22861430715358,0.8466961138578406
37.26363181590796,-0.43274377035423844
37.298649324662335,-0.2342056938645009
37.33366683341671,0.36124006668154623
37.368684342171086,-1.2579331204199768
37.40370185092546,-2.5283104182380707
37.43871935967984,-3.9489784015675085
37.473736868434216,0.5521159521478592
37.508754377188595,-4.85136697236641
37.543771885942974,0.5938299519493252
37.57878939469735,-3.5176134831055523
37.613806903451724,-0.6838456891038905
37.6488244122061,-2.050961564421437
37.683841920960475,4.314313689226939
37.718859429714854,1.654928024291512
37.75387693846923,0.6134134520869013
37.78889444722361,-1.1747179886542491
37.82391195597799,1.4429271322986919
37.85892946473237,0.39751354525385396
37.89394697348674,-3.3583396894999527
37.92896448224112,-1.5000985072754887
37.9639819909955,7.922473693725494
37.99899949974987,-2.1823908955279174
38.03401700850425,1.3083382108915385
38.06903451725863,-0.18185278283284487
38.10405202601301,2.6215842465624126
38.13906953476739,1.664877881021589
38.174087043521766,-0.8348909973241584
38.20910455227614,-0.045315189319222945
38.24412206103052,-1.4470164233843237
38.27913956978489,4.412696177769935
38.31415707853927,1.0509112400036051
38.349174587293646,-0.4531410671801207
38.384192096048025,-1.7092885199682946
38.419209604802404,2.427406816756142
38.45422711355678,-2.6490815483621506
38.489244622311155,-2.112392763103937
38.524262131065534,0.33839579194536046
38.559279639819906,-0.7010085091623808
38.594297148574285,-0.8895519693277695
38.62931465732866,0.4350891767791514
38.66433216608304,-0.23408893864936467
38.69934967483742,-0.1052685022188569
38.7343671835918,1.7399662646667304
38.76938469234617,-0.16057596385828657
38.80440220110055,-3.7668228152426804
38.83941970985492,-0.39885498825736787
38.8744372186093,0.5870206731031873
38.90945472736368,1.6820245475737137
38.94447223611806,-1.110987714232489
38.97948974487244,1.3208744741511873
39.01450725362682,0.6103673383902941
39.04952476238119,-2.413416439941142
39.08454227113557,0.6006574620041745
39.11955977988994,0.006515124203105165
39.15457728864432,-0.5104949901168029
39.1895947973987,-0.0557166905380784
39.22461230615308,4.233084951017795
39.259629814907456,1.9296911445323257
39.294647323661835,1.7211114955404265
39.329664832416206,-0.8890184605035182
39.364682341170585,-1.045327379413316
39.39969984992496,2.4530189279651213
39.434717358679336,-1.1458185593245704
39.469734867433715,0.04170498746826911
39.504752376188094,0.6882139372197327
39.53976988494247,-0.3729909930215547
39.57478739369685,-2.2777722105926936
39.60980490245123,4.631690230707541
39.6448224112056,2.2864921770857665
39.67983991995998,-2.0442036421468344
39.71485742871435,2.1844383784299923
39.74987493746873,-0.33172282808463643
39.78489244622311,-3.160732312168108
39.81990995497749,-0.7140066600882571
39.85492746373187,-0.024838354330605033
39.88994497248625,6.039720958958449
39.92496248124062,-1.1664202094223777
39.959979989995,2.0580359720778074
39.99499749874937,0.5988630868502508
40.03001500750375,1.5272800448835233
40.06503251625813,1.7536966021239895
40.10005002501251,-2.4732966543179393
40.135067533766886,-2.4159972800707155
40.170085042521265,2.2958598213973755
40.20510255127564,-0.8221096891077329
40.240120060030016,-0.8479304653869101
40.27513756878439,-2.4758169399795946
40.31015507753877,0.4301224698000401
40.345172586293145,1.8636061649133118
40.380190095047524,0.33677916905909633
40.4152076038019,0.7984430015862255
40.45022511255628,-0.6948150357844116
40.485242621310654,0.13989331189505375
40.52026013006503,-1.6754300284948525
40.555277638819405,-1.380446348907503
40.590295147573784,-0.10893605451533883
40.62531265632816,-0.39071312595142904
40.66033016508254,-0.3929836529909104
40.69534767383692,0.3778944306722296
40.7303651825913,-2.729698613048346
40.76538269134567,-2.4212575746553244
40.80040020010005,0.048627548324085584
40.83541770885442,0.5710912247669522
40.8704352176088,-3.08677868147557
40.90545272636318,-0.028273523784848032
40.94047023511756,2.9703438999502674
40.97548774387194,3.839433765148318
41.01050525262632,-0.1893420836341055
41.045522761380695,-0.9520492340687672
41.08054027013507,-0.51251866630316
41.115557778889446,4.175618838202905
41.15057528764382,0.7092385999506198
41.1855927963982,-2.5192340217345377
41.220610305152576,-2.596774899116206
41.255627813906955,1.852029670746447
41.290645322661334,1.046615477009181
41.32566283141571,2.367581497333389
41.360680340170084,0.9461371847621688
41.39569784892446,6.503236795198917
41.430715357678835,12.339737099993567
41.465732866433214,29.2753615336794
41.50075037518759,55.956516926990176
41.53576788394197,100.24533472344056
41.57078539269635,156.68933128587474
41.60580290145073,219.91430156991655
41.6408204102051,273.233467386306
41.67583791895948,299.7083085873123
41.71085542771385,288.9425457672836
41.74587293646823,253.34877430586124
41.78089044522261,187.61737318105057
41.81590795397699,125.47613300814848
41.85092546273137,77.61908695874826
41.88594297148575,42.54608817090138
41.92096048024012,16.826523863113398
41.9559779889945,5.909876706262148
41.99099549774887,4.442290472163906
42.02601300650325,2.4802521625817198
42.06103051525763,-2.748887435051243
42.096048024012006,1.4639335906343707
42.131065532766385,0.042975189821453194
42.166083041520764,-0.8180699287635066
42.201100550275136,-0.45842318778997654
42.236118059029515,2.8115499317547483
42.27113556778389,2.938348914446666
42.306153076538266,-4.544219482912801
42.341170585292645,-0.34619020645302817
42.37618809404702,-1.8829143819833083
42.4112056028014,-0.2621989782158919
42.44622311155578,2.7376638671166043
42.48124062031016,-1.4171178113472318
42.51625812906453,-1.5062496110724484
42.55127563781891,-1.4900366585327216
42.58629314657328,0.8992129228820014
42.62131065532766,0.08168779123046951
42.65632816408204,-0.12744397885452333
42.69134567283642,-0.4026356746909864
42.7263631815908,3.297879341204759
42.76138069034518,-1.0334812298454394
42.79639819909955,2.973371055674459
42.83141570785393,-3.419399980231816
42.8664332166083,2.7199352959259397
42.90145072536268,-0.09460991817814057
42.93646823411706,-2.51011870336212
42.97148574287144,1.3728179918996388
43.006503251625816,3.649089695549472
43.041520760380195,-1.8754866274471347
43.076538269134566,0.7860810491821469
43.111555777888945,-1.1172401310123699
43.14657328664332,2.284751477668483
43.181590795397696,2.7582044313544185
43.216608304152075,2.590105837425325
43.251625812906454,1.8814582154126438
43.28664332166083,-0.6031824823877737
43.32166083041521,-1.855621106560944
43.356678339169584,2.8593728692928164
43.39169584792396,2.482031147864865
43.426713356678334,-2.634577294941069
43.46173086543271,-1.4535162351504867
43.49674837418709,1.8013722722766308
43.53176588294147,-0.7986406594411645
43.56678339169585,-0.354183506890613
43.60180090045023,-1.9476430879778965
43.6368184092046,-0.0949294563988712
43.67183591795898,1.6858081606542346
43.70685342671335,1.6174127288578808
43.74187093546773,-0.17897776963559783
43.77688844422211,0.7683604408438309
43.81190595297649,-0.8502649234032285
43.84692346173087,0.06741832089339264
43.881940970485246,1.5712563112459865
43.916958479239625,0.5388598069760658
43.951975987994,-0.8859207470749885
43.986993496748376,2.2196245739145284
44.02201100550275,0.3594904633111499
44.05702851425713,-3.8216431699578117
44.092046023011505,-0.5030336687781329
44.127063531765884,0.6179730265072777
44.16208104052026,0.7795370349196465
44.19709854927464,0.16364730603037775
44.232116058029014,-0.9056098266599305
44.26713356678339,-1.4980587009401793
44.302151075537765,2.3482412587734722
44.337168584292144,0.46832118937849143
44.37218609304652,1.2409419981048877
44.4072036018009,-0.6078763062686485
44.44222111055528,-1.5986115042323705
44.47723861930966,-2.9831336449531003
44.51225612806403,1.5423071923850011
44.54727363681841,-0.7890669963152669
44.58229114557278,-1.208474788390054
44.61730865432716,-3.5548733959400374
44.65232616308154,-1.3063931074123984
44.68734367183592,-1.472253152865861
44.7223611805903,-0.7229830429175833
44.75737868934468,1.4551115717959981
44.79239619809905,4.240516519140651
44.82741370685343,-1.4711555085042531
44.8624312156078,-1.5365796050058058
44.89744872436218,-2.501325157010375
44.93246623311656,2.110325272310838
44.967483741870936,-1.0055586480341583
45.002501250625315,-1.1594836489214855
45.037518759379694,-0.68143407420897
45.072536268134066,0.05098419942687919
45.107553776888444,0.5931453639083737
45.142571285642816,-2.6444585019167963
45.177588794397195,2.795386267095849
45.212606303151574,1.8187409859161292
45.24762381190595,0.8496364094553991
45.28264132066033,2.220904083254091
45.31765882941471,-1.106008217009567
45.35267633816908,-6.233378546403748
45.38769384692346,3.0733821988156698
45.42271135567784,-0.5496488888815195
45.45772886443221,2.255924566005182
45.49274637318659,-0.5567604429616143
45.52776388194097,-0.027492373587930653
45.56278139069535,-0.6955135228982511
45.59779889944973,-0.7556253281308842
45.63281640820411,-0.6232865098808761
45.66783391695848,-3.355795056734611
45.70285142571286,-0.3782922832186358
45.73786893446723,1.1904714428534207
45.77288644322161,0.8634797578386179
45.80790395197599,-1.0168600914450223
45.842921460730366,1.525345795621707
45.877938969484745,2.975722778407035
45.912956478239124,-0.6239242246644778
45.947973986993496,-1.2658154015900618
45.982991495747875,0.16423337211963968
46.01800900450225,0.21357750295344227
46.053026513256626,1.673047838561859
46.088044022011005,-0.3557479558913978
46.12306153076538,1.0472262130040495
46.15807903951976,-3.264780116022269
46.19309654827414,-1.0613522264563198
46.22811405702851,-0.816619424687674
46.26313156578289,0.6280242579004824
46.298149074537264,1.8684740351449676
46.33316658329164,-1.3250476046605182
46.36818409204602,-2.4054821740983834
46.4032016008004,2.7690644064801364
46.43821910955478,-2.4354695118469647
46.47323661830916,-3.7865144445650323
46.50825412706353,0.7980789948505598
46.54327163581791,-1.9418908461278293
46.57828914457228,2.183308032713081
46.61330665332666,-2.345818931480609
46.64832416208104,0.48703080449031516
46.68334167083542,-1.7446566768674716
46.7183591795898,1.2553056848118604
46.753376688344176,1.4874860350700556
46.78839419709855,-1.2708486159281427
46.823411705852926,2.890600447541636
46.8584292146073,0.17519087716088433
46.89344672336168,1.7502570450136488
46.928464232116056,-0.0918504177598
46.963481740870435,-2.4673550380249267
46.998499249624814,0.5513055889810783
47.03351675837919,0.5035476737645811
47.06853426713357,0.1812332317548908
47.103551775887944,3.6462858229343293
47.13856928464232,-2.8170853485657923
47.173586793396694,5.202760171063962
47.20860430215107,-5.72439085297
47.24362181090545,0.34308722077883946
47.27863931965983,1.5705079653741887
47.31365682841421,0.22625223553835158
47.34867433716859,-1.068871444589866
47.38369184592296,-0.10898685493206071
47.41870935467734,2.0793872651531733
47.45372686343171,1.3412291401384453
47.48874437218609,1.077244333723863
47.52376188094047,0.3966455819298393
47.55877938969485,2.372968790588129
47.59379689844923,2.5318817902079074
47.628814407203606,0.7709988370357611
47.66383191595798,2.5705665160574998
47.69884942471236,6.0947657829983095
47.73386693346673,0.2815924980259623
47.76888444222111,0.9013197720366041
47.80390195097549,-0.18486407520571851
47.838919459729865,-1.0522938168969094
47.873936968484244,1.7440354051247153
47.90895447723862,-0.559042331666783
47.943971985992995,0.6041955172093717
47.978989494747374,-2.765227074000679
48.014007003501746,-1.7930215436799781
48.049024512256125,-1.2527406329906814
48.084042021010504,0.03685061753139816
48.11905952976488,1.0442238523483252
48.15407703851926,1.2428100758851177
48.18909454727364,3.409029298347933
48.22411205602801,-2.737545310753836
48.25912956478239,1.644133430125237
48.29414707353676,0.32064789526088466
48.32916458229114,4.520681423438193
48.36418209104552,0.6774702421879406
48.3991995997999,-2.9466553426702253
48.43421710855428,0.903002494002058
48.46923461730866,0.9758160205990951
48.50425212606304,1.3500812472917676
48.53926963481741,0.04933928338731383
48.57428714357179,0.4282608635806242
48.60930465232616,-1.199190924300414
48.64432216108054,1.8060568119816363
48.67933966983492,-1.5014229758337119
48.714357178589296,2.449406941520374
48.749374687343675,3.6918277580135377
48.784392196098054,-1.3880560247129279
48.819409704852426,1.114443876384102
48.854427213606805,0.34288124405290055
48.889444722361176,-0.4090995976488986
48.924462231115555,-0.640561523864625
48.959479739869934,1.5068389131910624
48.99449724862431,2.514020083444797
49.02951475737869,-0.5406541424154554
49.06453226613307,-1.3280420629938419
49.09954977488744,-2.8343243020892164
49.13456728364182,-0.9046613713278745
49.16958479239619,0.039772044354282866
49.20460230115057,-0.8079129934301231
49.23961980990495,0.13592792538525514
49.27463731865933,-3.2947612962112567
49.30965482741371,-0.29362691960096254
49.34467233616809,-4.089559014397677
49.37968984492246,-2.092802449702196
49.41470735367684,2.2837812515254057
49.44972486243121,1.0082835507473462
49.48474237118559,-2.740542345324224
49.51975987993997,-4.081469747461591
49.55477738869435,-1.2263030523294598
49.589794897448726,1.0453296317469214
49.624812406203105,-0.7362310308364111
49.65982991495748,-0.32585719451150374
49.694847423711856,-1.236586897040045
49.72986493246623,0.406602331100704
49.76488244122061,-1.9481537625432501
49.799899949974986,-3.224471623468493
49.834917458729365,2.3582559219798855
49.86993496748374,0.9663390495912438
49.90495247623812,-3.1243520665350175
49.9399699849925,1.4549809469451824
49.97498749374687,-2.7882259507240352
50.01000500250125,-1.9440030194763382
50.045022511255624,0.23829742264584788
50.08004002001,-2.034741862342403
50.11505752876438,-1.1746892951008585
50.15007503751876,-2.9194958101867687
50.18509254627314,4.039500056678797
50.22011005502752,-1.5968338622979292
50.25512756378189,0.6836359585297624
50.29014507253627,-0.7201559640657392
50.32516258129064,-1.2436437168294883
50.36018009004502,-3.449615707790615
50.3951975987994,-0.9778112105224179
50.43021510755378,-2.407006639609919
50.46523261630816,-3.208083100224266
50.500250125062536,-1.492086093261448
50.53526763381691,-2.8537025117010875
50.57028514257129,-2.4195134075846356
50.60530265132566,0.1871268472609623
50.64032016008004,-0.03454563180301615
50.675337668834416,-2.108592797578193
50.710355177588795,-2.6617445926932763
50.745372686343174,1.3485566634969313
50.78039019509755,-0.7666727184816731
50.815407703851925,-5.577047624192536
50.850425212606304,-1.9159844843370748
50.885442721360675,0.01710739767896942
50.920460230115054,-3.3847759948109246
50.95547773886943,1.5140279203541402
50.99049524762381,-1.1960230575063215
51.02551275637819,-1.5771980715979421
51.06053026513257,-1.6344086415482277
51.09554777388694,-1.1660047955426052
51.13056528264132,1.4148605025344145
51.16558279139569,1.920164391918484
51.20060030015007,-0.09638819068936336
51.23561780890445,-0.09418011523650971
51.27063531765883,-3.133146077512215
51.30565282641321,0.07513228490493677
51.34067033516759,1.0489795983069883
51.37568784392196,-1.0719285984874145
51.41070535267634,-1.2516244570366803
51.44572286143072,-1.5067911089416477
51.48074037018509,-0.9367592528714952
51.51575787893947,2.0717356423877273
51.55077538769385,1.8544154012886418
51.585792896448226,0.5471312352269341
51.620810405202604,-0.7259866951889086
51.65582791395698,1.1263734081820143
51.690845422711355,2.192139600183041
51.725862931465734,0.6531341147360235
51.760880440220106,0.7769734276283221
51.795897948974485,-1.508494132406533
51.830915457728864,2.4364964772960085
51.86593296648324,4.266788831942339
51.90095047523762,6.213339226835458
51.935967983992,-0.7619233879482763
51.97098549274637,-1.463280360161405
52.00600300150075,0.4289364347389494
52.04102051025513,2.3660027406948023
52.0760380190095,-0.5315050776289262
52.11105552776388,-4.659508127602506
52.14607303651826,2.0936743428768287
52.18109054527264,-2.524418201643407
52.21610805402701,2.033823612706325
52.25112556278139,-1.0779323101278644
52.28614307153577,0.4171916573177793
52.32116058029015,-1.0380737781920577
52.35617808904452,-0.9609624999865539
52.3911955977989,4.154660825149182
52.42621310655328,0.6058767214902849
52.461230615307656,-0.2638556684132361
52.49624812406203,-3.5119250236638146
52.53126563281641,0.15320334729706717
52.566283141570786,-1.5433287429777698
52.601300650325165,-0.4000779811885518
52.636318159079536,1.5450846930761113
52.671335667833915,-2.1731011405918013
52.706353176588294,-3.7214707119013686
52.74137068534267,-0.7733330114347238
52.776388194097045,3.7460718701731346
52.811405702851424,-0.05510212312469625
52.8464232116058,0.039707647411556024
52.88144072036018,2.057333984083969
52.91645822911456,0.5614080100970555
52.95147573786893,3.733527248865189
52.98649324662331,-0.25944401065907846
53.02151075537769,-1.0955238750549585
53.05652826413207,2.5083657016899408
53.09154577288644,0.6439546160085865
53.12656328164082,0.7082424463014776
53.1615807903952,-0.7713951475821387
53.19659829914958,-0.2500844723470769
53.23161580790395,-2.505453826592174
53.26663331665833,-1.8856025620955292
53.30165082541271,0.6459772348645395
53.336668334167086,0.4691539391205413
53.37168584292146,3.2201937892451253
53.40670335167584,1.3343436036887049
53.441720860430216,-0.380675343734884
53.476738369184595,0.3062757408042383
53.51175587793897,3.3845643843284448
53.546773386693346,-0.9905246715193651
53.581790895447725,0.7537848051599327
53.616808404202104,2.3771449683864385
53.651825912956475,4.438899325934304
53.686843421710854,0.522813688332694
53.72186093046523,4.040773443507761
53.75687843921961,3.130656010330873
53.791895947973984,-0.3350806106586565
53.82691345672836,1.2272077963847516
53.86193096548274,-6.466516011825616
53.89694847423712,-1.8596027394753754
53.93196598299149,-0.5465400557108243
53.96698349174587,2.385731270279106
54.00200100050025,-2.097738373312968
54.03701850925463,-2.241661115048541
54.072036018009,0.25425856994173995
54.10705352676338,1.6430551706575462
54.14207103551776,3.0607617518991215
54.17708854427214,0.01894447148859794
54.21210605302651,2.3491386014853965
54.24712356178089,-3.9998262103019067
54.28214107053527,-0.789603620057551
54.31715857928965,1.9962721492556645
54.35217608804402,2.9285276915872878
54.3871935967984,-0.25371935778311117
54.422211105552776,0.5696034634506135
54.457228614307155,1.2982037777641358
54.492246123061534,-3.227929572475691
54.527263631815906,0.4003137840872981
54.562281140570285,-3.9148332074826087
54.597298649324664,2.7919573685912322
54.63231615807904,2.4300972452763903
54.667333666833414,2.15208495357283
54.70235117558779,1.67285290745076
54.73736868434217,-2.2682539311487244
54.77238619309655,0.7992038885756728
54.80740370185092,1.4620412715800655
54.8424212106053,0.4619122435278456
54.87743871935968,-0.728871322251796
54.91245622811406,3.2197651959466747
54.94747373686843,1.6680199392092243
54.98249124562281,0.4124209804959285
55.01750875437719,-0.44743477481104943
55.05252626313157,-1.3576317211611306
55.08754377188594,-1.153756307960586
55.12256128064032,1.867697656033774
55.1575787893947,-0.4659384886801789
55.19259629814908,-0.31535593289422714
55.22761380690345,0.2229074280572809
55.26263131565783,-2.2932318129113662
55.29764882441221,-0.2783522582822284
55.332666333166586,0.4158263904803205
55.36768384192096,-2.691689268186278
55.402701350675336,2.113376402396674
55.437718859429715,-1.8777888306779449
55.472736368184094,2.2186798293616468
55.507753876938466,-1.2495271060070148
55.542771385692845,-3.0009045902935068
55.577788894447224,0.574435229656902
55.6128064032016,-0.9231608394081317
55.647823911955975,-2.2967150214110035
55.68284142071035,-0.5239534348264447
55.71785892946473,-1.5187388203147287
55.75287643821911,1.034767460572073
55.78789394697348,-1.504656279501993
55.82291145572786,-0.741067848127706
55.85792896448224,-3.2451015427845253
55.89294647323662,-4.478668966493726
55.927963981991,-0.5543039932942633
55.96298149074537,-0.9753188038289824
55.99799899949975,0.9335139309171467
56.03301650825413,-2.7597028422737506
56.06803401700851,-0.9888774986188666
56.10305152576288,-0.6885751729771467
56.13806903451726,-5.801156123679808
56.17308654327164,-1.4775692896632593
56.208104052026016,0.3007840710464993
56.24312156078039,0.8685354012987413
56.27813906953477,-0.5076246580916959
56.313156578289146,-2.1990659845879983
56.348174087043525,0.4396572311837045
56.383191595797896,0.6477167866179174
56.418209104552275,1.1191972256692928
56.453226613306654,4.152404392747099
56.48824412206103,1.3899762897896268
56.523261630815405,0.3440709214423418
56.558279139569784,-0.07008861376520702
56.59329664832416,-1.8655998148034671
56.62831415707854,-0.0460880214997839
56.663331665832914,1.3146089688967726
56.69834917458729,-0.6334780730171686
56.73336668334167,-1.9785187190057405
56.76838419209605,-1.8252990156302085
56.80340170085042,-1.3882904306781723
56.8384192096048,1.1522687871481068
56.87343671835918,-2.305147582992292
56.90845422711356,-3.758495359077405
56.94347173586793,-3.2538533748975342
56.97848924462231,-0.917060921229285
57.01350675337669,0.6826471149780794
57.04852426213107,4.600789022550939
57.08354177088544,2.083967163514143
57.11855927963982,0.9799196730299167
57.1535767883942,1.4371024281622735
57.188594297148576,-0.8565802278277562
57.22361180590295,-1.167703482680443
57.25862931465733,-3.1439137160449055
57.293646823411706,0.8893240355905735
57.328664332166085,1.7728674562725706
57.363681840920464,-0.5181540107367039
57.398699349674835,1.027128848075792
57.433716858429214,-0.5558160963362226
57.46873436718359,0.15869373607036383
57.50375187593797,2.777096329621357
57.538769384692344,4.096782582011817
57.57378689344672,-2.048875711329827
57.6088044022011,-3.0186784154900463
57.64382191095548,0.5226514236441477
57.67883941970985,-4.307960255519751
57.71385692846423,0.8052587660893336
57.74887443721861,0.1840477374445204
57.78389194597299,-3.438067686497333
57.81890945472736,-1.8700342082355226
57.85392696348174,1.2982817393287054
57.88894447223612,1.2763594775785698
57.9239619809905,-0.19134362014876394
57.95897948974487,3.7721609188019545
57.99399699849925,1.2162373110800124
58.02901450725363,1.1598816418267737
58.06403201600801,1.6943364871835767
58.09904952476238,0.3817128089514061
58.13406703351676,-3.614624070488189
58.169084542271136,-2.347139312423996
58.204102051025515,-3.3684214546069646
58.23911955977989,-0.12882091967658182
58.274137068534266,2.3397024979266985
58.309154577288645,-0.07463869142879705
58.344172086043024,1.3459952727125808
58.379189594797396,-0.036569629416517764
58.414207103551774,-1.1026981340831261
58.44922461230615,-2.5477248078921106
58.48424212106053,-2.5513828701936503
58.519259629814904,-2.658629824249487
58.55427713856928,1.7152896286025896
58.58929464732366,-0.5393516410773609
58.62431215607804,1.0871484736305654
58.65932966483241,1.5428340083827423
58.69434717358679,-1.7381680193821245
58.72936468234117,-1.1970280516591592
58.76438219109555,1.4844039588903117
58.79939969984992,2.7481292319665678
58.8344172086043,-3.2568399936842103
58.86943471735868,-0.94186017001933
58.90445222611306,2.1048192515925335
58.93946973486744,3.8645520281527914
58.97448724362181,1.1169633169485993
59.00950475237619,-1.1154962139501825
59.04452226113057,-0.6063621123634856
59.079539769884946,0.7301820140753568
59.11455727863932,0.3037281736876522
59.149574787393696,2.959296742927967
59.184592296148075,4.7145258493605935
59.219609804902454,-0.4971045870774105
59.254627313656826,-0.4114503861915725
59.289644822411205,0.39483976290740913
59.324662331165584,-3.4595768286871156
59.35967983991996,-2.507084913355282
59.394697348674335,1.075226257015998
59.42971485742871,-2.0382491355873276
59.46473236618309,-3.531238286647144
59.49974987493747,-0.2352196995653829
59.53476738369184,-0.948727022421834
59.56978489244622,0.9078457858953114
59.6048024012006,-3.122893190656792
59.63981990995498,-0.26248360937979104
59.67483741870935,-3.503330223889851
59.70985492746373,-1.9586815670237552
59.74487243621811,0.32530458918780125
59.77988994497249,0.4827748430740159
59.81490745372686,-1.3058921846707872
59.84992496248124,-2.684693905053514
59.88494247123562,1.924421273169454
59.91995997999,1.4547939253011164
59.95497748874437,0.6780741251908983
59.98999499749875,2.192962176703455
60.02501250625313,-0.23789785374657393
60.060030015007506,1.4208179367676115
60.09504752376188,-0.9834666940708143
60.13006503251626,9.43408085701233
60.165082541270635,11.392819318606753
60.200100050025014,30.155515666128654
60.235117558779386,55.428607692080156
60.270135067533765,95.74834416391502
60.305152576288144,153.86560628120426
60.34017008504252,215.65397853791558
60.3751875937969,271.44705882447295
60.410205102551274,298.3166185756789
60.44522261130565,292.69375894710265
60.48024012006003,248.9435126586415
60.51525762881441,193.5230179495974
60.55027513756878,127.19449470199602
60.58529264632316,77.28001607792714
60.62031015507754,37.58842713097133
60.65532766383192,23.53317836443392
60.69034517258629,7.039241437177237
60.72536268134067,-1.2286981688358614
60.76038019009505,4.0622436145354035
60.79539769884943,-2.2872971718270723
60.8304152076038,-1.4403401820143076
60.86543271635818,2.0249471691141543
60.90045022511256,-1.975461102908096
60.935467733866936,-0.16091514924794328
60.97048524262131,-1.8551988245390727
61.00550275137569,-0.5252599196581437
61.040520260130066,1.554265343938075
61.075537768884445,3.9817950832720803
61.11055527763882,2.534620383109863
61.145572786393195,-0.4473362241797063
61.180590295147574,-0.1854636184630289
61.21560780390195,-0.5400834139234504
61.250625312656325,-0.4110875236778012
61.285642821410704,0.5660285633626766
61.32066033016508,-3.729143340236359
61.35567783891946,6.118501261618255
61.390695347673834,-1.2723170618061752
61.42571285642821,-0.5981090840496325
61.46073036518259,1.5249511738386334
61.49574787393697,1.119271081109223
61.53076538269134,-1.0731791597539326
61.56578289144572,-0.9950828463828051
61.6008004002001,-1.4197408085640812
61.63581790895448,0.40035450584945576
61.67083541770885,0.3292504814816409
61.70585292646323,-0.7162877195642421
61.74087043521761,-2.189425658706817
61.77588794397199,1.8647069079081346
61.81090545272636,-1.3803752671499918
61.84592296148074,-1.4038208327947796
61.88094047023512,-1.9985354699999007
61.915957978989496,1.5399001742964638
61.950975487743875,-1.9365649968531928
61.98599299649825,0.04142737355030076
62.021010505252626,-0.3524476988829234
62.056028014007005,3.9418084903051938
62.091045522761384,-4.818509695162404
62.126063031515756,2.2598404240464105
62.161080540270135,0.6541795918013275
62.19609804902451,0.932938505676656
62.23111555777889,-0.6654847299199719
62.266133066533264,-0.6799636236943751
62.30115057528764,-0.4889586076011462
62.33616808404202,-1.1829123007014803
62.3711855927964,-0.9035261665262087
62.40620310155077,-1.9960663909358665
62.44122061030515,1.7153278525598412
62.47623811905953,-1.551277081109188
62.51125562781391,-1.3506993832920895
62.54627313656828,-3.688490883396384
62.58129064532266,-2.8378238657648236
62.61630815407704,-1.7191400256495415
62.65132566283142,-0.733498708224109
62.68634317158579,-0.4729696399745377
62.72136068034017,-3.211524186979734
62.75637818909455,2.3176519257110137
62.79139569784893,-1.6554481460261363
62.8264132066033,0.12221790870129874
62.86143071535768,0.6496740462163999
62.896448224112056,-0.4878529122431358
62.931465732866435,-1.3240567723226042
62.96648324162081,-0.35365562586871385
63.001500750375186,-0.4571333215678387
63.036518259129565,1.4618530398887504
63.071535767883944,1.6580717593270058
63.106553276638316,-1.5543222271416421
63.141570785392695,-1.3176509081373033
63.176588294147074,5.774404667212972
63.21160580290145,-0.2671103225816703
63.246623311655824,2.9065191423521606
63.2816408204102,-1.3893351121382969
63.31665832916458,0.09007296521318922
63.35167583791896,2.107596820336815
63.38669334667334,2.1487985219893027
63.42171085542771,2.0643903197295064
63.45672836418209,-0.8200599706542201
63.49174587293647,0.803205305736204
63.52676338169085,-2.5480241212051897
63.56178089044522,3.5412555860352355
63.5967983991996,-1.5230746146154386
63.63181590795398,-0.6836638447615584
63.66683341670836,0.891422723047216
63.70185092546273,0.2826776245090022
63.73686843421711,-0.9613374774750277
63.77188594297149,3.2990592697447374
63.806903451725866,-1.6336542666876088
63.84192096048024,2.899913379044838
63.87693846923462,1.9128982564666341
63.911955977988995,-2.540416090437757
63.946973486743374,-3.953132218140548
63.981990995497746,1.392334845697634
64.01700850425212,-1.120215894499435
64.0520260130065,0.7775855236006451
64.08704352176088,-0.6980224258857284
64.12206103051525,-1.736841854471611
64.15707853926963,-0.5010422587590391
64.19209604802401,-3.161487562703904
64.22711355677839,-1.0836759681185273
64.26213106553277,1.121437786297047
64.29714857428715,1.493571642196244
64.33216608304153,6.6754636572840145
64.36718359179591,-1.7059631315643964
64.40220110055027,0.8862583304404267
64.43721860930465,-2.4884397865486614
64.47223611805903,0.6554746776888987
64.50725362681341,0.021291405701923165
64.54227113556777,-2.6781800090938703
64.57728864432215,-1.548835089352861
64.61230615307653,1.1075880776986602
64.64732366183091,0.6804388245109716
64.68234117058529,0.47528529389037405
64.71735867933967,-0.6624125985844601
64.75237618809405,-0.21563556961790153
64.78739369684843,-0.24911800626146482
64.8224112056028,4.243373824464001
64.85742871435718,1.8349671613476397
64.89244622311156,-2.247921794040099
64.92746373186594,1.5698476337566147
64.96248124062032,0.36330612240994387
64.99749874937469,-2.3995751642571883
65.03251625812906,-0.46397178003027717
65.06753376688344,-0.17630727479715033
65.10255127563782,-1.1319687302272488
65.13756878439219,1.1417977755019768
65.17258629314657,0.017668342760484925
65.20760380190094,0.7374049558244866
65.24262131065532,-0.05514294659549479
65.2776388194097,1.6820886866569735
65.31265632816408,-1.9569704271547415
65.34767383691846,0.6772082284729036
65.38269134567284,-4.516215718611515
65.41770885442722,3.3540144536623924
65.4527263631816,0.6208454226019685
65.48774387193598,0.048084047918835894
65.52276138069035,-0.6789696172256343
65.55777888944472,-1.7433027666555763
65.5927963981991,-2.3559564021318526
65.62781390695348,1.0323519845914317
65.66283141570786,-0.920064975609203
65.69784892446222,0.11741612139133097
65.7328664332166,-3.4398297172546535
65.76788394197098,-3.605168897861854
65.80290145072536,0.3916347158301059
65.83791895947974,-2.4540203190914274
65.87293646823412,2.6049060768031698
65.9079539769885,1.7104737506807104
65.94297148574287,1.3119442672311994
65.97798899449725,-2.6050931375062927
66.01300650325163,0.21213341879894865
66.04802401200601,-0.1933491438074096
66.08304152076039,-0.37737507330125497
66.11805902951475,0.9020224580410643
66.15307653826913,1.3846003711256367
66.18809404702351,2.3689579630637017
66.22311155577789,-0.09858572938810548
66.25812906453226,-0.1280660441391682
66.29314657328663,-3.606932369377245
66.32816408204101,4.554410716834106
66.36318159079539,-1.7970322754407535
66.39819909954977,0.01054716450570426
66.43321660830415,-1.10401703605603
66.46823411705853,0.9648527343205701
66.50325162581291,4.3499720737797825
66.53826913456729,1.39525365355063
66.57328664332167,-2.910938386443769
66.60830415207604,-0.10538648520071858
66.64332166083042,1.0245420458104582
66.6783391695848,0.26299408183538053
66.71335667833917,3.540980583562107
66.74837418709355,-4.4473902529768745
66.78339169584793,0.08336810862023869
66.8184092046023,0.8065292303820207
66.85342671335667,1.3486267007685282
66.88844422211105,-0.34698395422335543
66.92346173086543,0.12044893362002768
66.9584792396198,-1.7103198296174658
66.99349674837418,-0.13081476195837596
67.02851425712856,2.9811488274499185
67.06353176588294,-1.8855536618806237
67.09854927463732,1.8557166101805993
67.1335667833917,-2.2232994378560194
67.16858429214608,-2.0246944710131776
67.20360180090046,0.6181230938678703
67.23861930965484,-3.638542449550588
67.2736368184092,-2.3683011143459383
67.30865432716358,-1.6805923351979135
67.34367183591796,3.9859978302462022
67.37868934467234,0.2077297269177202
67.4137068534267,2.0286178192497877
67.44872436218108,-0.35258088586286046
67.48374187093546,-0.019634472863571326
67.51875937968984,1.1286453722792353
67.55377688844422,-0.916429553283538
67.5887943971986,-1.9546774936237292
67.62381190595298,0.8902086474924576
67.65882941470736,0.4508875887910028
67.69384692346173,-1.7808314109599859
67.72886443221611,-0.9991851225870174
67.76388194097049,-3.5517175627197073
67.79889944972487,-1.4779778265125034
67.83391695847925,3.241316607736503
67.86893446723361,-1.9060461776010726
67.903951975988,-0.984382278043747
67.93896948474237,-2.314740803764849
67.97398699349675,0.21730412423262263
68.00900450225112,-0.7565424723387995
68.0440220110055,4.7213584146495435
68.07903951975987,-1.8250025416403142
68.11405702851425,-3.6406155106778955
68.14907453726863,-0.8123628645467849
68.18409204602301,-1.0680242325892408
68.21910955477739,1.302632004484934
68.25412706353177,0.9934091044133282
68.28914457228615,0.6867139485010795
68.32416208104053,1.0812507978308712
68.3591795897949,-3.1076204141849724
68.39419709854928,-3.250579074442412
68.42921460730365,-0.7344431660986123
68.46423211605803,0.43357094244363426
68.4992496248124,2.540617558768045
68.53426713356679,2.9474985247547303
68.56928464232115,-3.862469433208232
68.60430215107553,0.4215005430581102
68.63931965982991,-0.41280779831637426
68.67433716858429,-1.6093075634151437
68.70935467733867,-1.5568250621195987
68.74437218609305,0.8675798981295221
68.77938969484742,3.2119217885481093
68.8144072036018,-0.04185373585890908
68.84942471235618,-0.7378147840341517
68.88444222111056,0.4272195231493086
68.91945972986494,-0.6335516132671923
68.95447723861932,2.2197576411828868
68.98949474737368,0.06333228710327923
69.02451225612806,-6.194978955881528
69.05952976488244,-0.49873726255629836
69.09454727363682,2.9588148602827204
69.12956478239118,-2.322066135638236
69.16458229114556,3.2213959962481296
69.19959979989994,-0.7738694906767047
69.23461730865432,-3.132874935212125
69.2696348174087,-2.7427683011804818
69.30465232616308,-2.856369593013572
69.33966983491746,0.06350455926461547
69.37468734367184,-0.09172208640684071
69.40970485242622,1.787492445899781
69.4447223611806,3.595165809604584
69.47973986993497,-2.4880816432404997
69.51475737868935,-1.84897709514422
69.54977488744373,-1.1554773210317983
69.5847923961981,1.4880683237706243
69.61980990495248,0.32902460280179646
69.65482741370685,1.4959599111247857
69.68984492246123,1.6057741034605213
69.7248624312156,1.4989416024665414
69.75987993996998,-0.24850327808092842
69.79489744872436,-2.743971781029786
69.82991495747874,1.628726666290888
69.86493246623311,-2.826251667792903
69.89994997498749,2.835160161333085
69.93496748374187,-2.486081612542841
69.96998499249625,2.033204293162034
70.00500250125063,1.095810945196975
70.04002001000501,-2.814798162626681
70.07503751875939,0.8810702832635035
70.11005502751377,-1.3070427665171944
70.14507253626813,-1.0730318062763324
70.18009004502251,1.4364143318222742
70.21510755377689,-1.662310522143012
70.25012506253127,-2.8478048773528286
70.28514257128563,-1.1252486364326493
70.32016008004001,1.2592590739248792
70.35517758879439,0.9576196689539208
70.39019509754877,-0.6496890514434802
70.42521260630315,-1.9500769736847428
70.46023011505753,-1.2205734461353912
70.4952476238119,5.175434664011545
70.53026513256629,1.5139906439342279
70.56528264132066,-4.827720896474634
70.60030015007504,-0.6337135341830892
70.63531765882942,0.7537591933163946
70.6703351675838,1.124142290549842
70.70535267633817,-0.003861182199602512
70.74037018509254,1.0867612373313666
70.77538769384692,2.1332858654607847
70.8104052026013,0.10096904665583475
70.84542271135568,-1.4750647625041913
70.88044022011005,0.09760236533777421
70.91545772886442,-0.7817289258328237
70.9504752376188,0.10956754606005471
70.98549274637318,1.452863091845368
71.02051025512756,-3.477087560974321
71.05552776388194,2.317112206411164
71.09054527263632,1.632922866515036
71.1255627813907,-3.546033853206701
71.16058029014508,-3.952231731245685
71.19559779889946,2.4569705964122925
71.23061530765384,-0.5965008995868031
71.26563281640821,0.8339659665982314
71.30065032516258,-3.172084019153937
71.33566783391696,4.068485459566916
71.37068534267134,1.313529237472127
71.40570285142572,-2.941002356261114
71.44072036018008,-1.3828212205558907
71.47573786893446,2.214546055504537
71.51075537768884,-0.1011982737163161
71.54577288644322,-0.24657566875025663
71.5807903951976,5.930665577936659
71.61580790395197,3.288443424467656
71.65082541270635,3.210773946200661
71.68584292146073,0.4635492963438017
71.72086043021511,3.9956214647197745
71.75587793896949,1.1336902499406738
71.79089544772387,-3.398802511725761
71.82591295647825,0.03340263660119227
71.86093046523261,-0.011146888233854436
71.89594797398699,-0.14707499213347408
71.93096548274137,0.08122701508143214
71.96598299149575,0.5193364889941638
72.00100050025011,1.6825388508393377
72.0360180090045,7.735019485212277
72.07103551775887,15.28943147628925
72.10605302651325,32.14908267083243
72.14107053526763,63.470817533667706
72.17608804402201,112.25678722081156
72.21110555277639,171.92651963122083
72.24612306153077,235.5106327159647
72.28114057028515,283.0190450128563
72.31615807903952,299.30264744138066
72.3511755877939,284.47363639450595
72.38619309654828,234.85311143233253
72.42121060530266,178.94085361637468
72.45622811405703,115.55222209106653
72.4912456228114,65.7557962369749
72.52626313156578,36.166465760746604
72.56128064032016,13.710072883294016
72.59629814907453,5.0988078410302125
72.6313156578289,3.1123988340164233
72.66633316658329,1.0096953763233276
72.70135067533766,-0.2150904481091333
72.73636818409204,-3.1865018376298067
72.77138569284642,-0.2928059089251438
72.8064032016008,-3.394199332485687
72.84142071035518,-0.25867301383374114
72.87643821910956,6.392888888497654
72.91145572786394,0.4305238385690777
72.94647323661832,-0.8330044739242574
72.9814907453727,-0.09350895000017541
73.01650825412706,1.2983378850247884
73.05152576288144,-1.1203365164117056
73.08654327163582,-0.3376585100878232
73.1215607803902,1.5998144452078855
73.15657828914456,-3.6183766977359477
73.19159579789894,0.3249611692486898
73.22661330665332,-1.1231012561576532
73.2616308154077,-2.24859089544821
73.29664832416208,1.5677297216127355
73.33166583291646,0.18899639884211028
73.36668334167084,1.5795209785445954
73.40170085042521,-0.5053055020483288
73.4367183591796,-0.6391601754586529
73.47173586793397,-2.398140183260351
73.50675337668835,0.9668098605331163
73.54177088544273,1.7048729041414703
73.5767883941971,-0.5835354947068606
73.61180590295147,2.7958445939097327
73.64682341170585,1.418426190771481
73.68184092046023,1.3344491441644732
73.7168584292146,-3.7729821522498934
73.75187593796898,2.583875979911897
73.78689344672335,1.244782468175067
73.82191095547773,1.4619799675468754
73.85692846423211,-0.546885421156829
73.89194597298649,-2.237264809526748
73.92696348174087,1.600841521889795
73.96198099049525,-4.362639789484318
73.99699849924963,2.3008554218633934
74.032016008004,1.2261865288615588
74.06703351675839,1.0285001035833776
74.10205102551276,0.29238770425828714
74.13706853426714,-1.0558268828163861
74.17208604302151,2.5158996040901496
74.20710355177589,-2.333384711763749
74.24212106053027,-1.5547434613700333
74.27713856928465,2.841941281500246
74.31215607803901,1.3003231178580594
74.34717358679339,0.9569657587815986
74.38219109554777,0.4558819498594812
74.41720860430215,3.39836972193337
74.45222611305653,0.7737541893356988
74.4872436218109,-0.2932047687419933
74.52226113056528,-0.1891151004097246
74.55727863931966,-0.480197189583772
74.59229614807404,1.2492118809382176
74.62731365682842,-0.9361877097575156
74.6623311655828,1.4998239429856801
74.69734867433718,-0.5485961825252867
74.73236618309154,2.047537338669848
74.76738369184592,-1.2382348059395905
74.8024012006003,1.856142314631214
74.83741870935468,2.624424817025555
74.87243621810904,-2.283228202540712
74.90745372686342,2.2512754885307094
74.9424712356178,2.3576910618776123
74.97748874437218,-1.4082260217514757
75.01250625312656,1.1689274726191368
75.04752376188094,-4.105819416944499
75.08254127063532,1.895947594189941
75.1175587793897,-1.9816962885131835
75.15257628814408,1.817275192948579
75.18759379689845,-0.10841440658179768
75.22261130565283,-2.2108014364819253
75.25762881440721,-1.793320494977267
75.29264632316159,4.061784375865345
75.32766383191596,-1.7740284593814406
75.36268134067033,-0.9272189611814199
75.39769884942471,1.2798013153995376
75.43271635817909,2.3137234631840498
75.46773386693346,-1.4389944708407778
75.50275137568784,-1.23718081594127
75.53776888444222,-0.08649826873365553
75.5727863931966,0.9749907658853519
75.60780390195097,-0.26870100531661967
75.64282141070535,1.3787751822800633
75.67783891945973,0.40066396588576225
75.71285642821411,3.0281636360292237
75.74787393696849,-1.9616251430529155
75.78289144572287,0.3933035071854618
75.81790895447725,4.720540660067531
75.85292646323163,5.150830752103331
75.88794397198599,12.71520404895898
75.92296148074037,27.44207545216104
75.95797898949475,44.66799750728444
75.99299649824913,68.23987009818005
76.02801400700349,88.36515485068259
76.06303151575787,93.35202189248004
76.09804902451225,100.02835216753155
76.13306653326663,90.80587828332925
76.16808404202101,70.95910255467335
76.20310155077539,50.006137937166216
76.23811905952977,27.62031083908368
76.27313656828414,16.39283656518006
76.30815407703852,7.107201352405374
76.3431715857929,3.9261803853161097
76.37818909454728,-2.276115203511857
76.41320660330166,0.5705827133901751
76.44822411205602,1.9901292281477017
76.4832416208104,-2.118121061198233
76.51825912956478,-2.212830041506085
76.55327663831916,1.1971953803417539
76.58829414707353,-2.527941039342763
76.6233116558279,1.6608874446638393
76.65832916458228,-0.8390869806906612
76.69334667333666,-0.9089609584416626
76.72836418209104,-1.9699229306207358
76.76338169084542,-1.4471877193339102
76.7983991995998,-0.9457245181945175
76.83341670835418,-5.7269052987546685
76.86843421710856,2.0178632431762846
76.90345172586294,0.22737809447030316
76.93846923461732,2.7706715604697867
76.9734867433717,0.7444587145709698
77.00850425212607,1.065746408184035
77.04352176088044,0.8011927940911208
77.07853926963482,2.1147682323905883
77.1135567783892,-2.0176962532519034
77.14857428714357,1.2439338361048198
77.18359179589794,-1.466079454429483
77.21860930465232,-2.9429957147292183
77.2536268134067,0.5212722686146397
77.28864432216108,-0.4352724784019532
77.32366183091546,-3.381918016746428
77.35867933966983,0.6517872503159363
77.39369684842421,0.19849138871632355
77.42871435717859,2.013355822839291
77.46373186593297,0.40496866280826105
77.49874937468735,2.1290468247612955
77.53376688344173,2.942114715670802
77.56878439219611,-4.451460302512631
77.60380190095047,1.305425928720449
77.63881940970485,0.4144986759152328
77.67383691845923,0.8172331345879217
77.70885442721361,-1.5700774685321244
77.74387193596797,-2.6976053118386707
77.77888944472235,-0.09093978278382417
77.81390695347673,0.30801847277291877
77.84892446223111,-2.7205358434770233
77.88394197098549,-1.2658363721363721
77.91895947973987,1.6653150366165794
77.95397698849425,-0.6771415134682194
77.98899449724863,-1.4466426829666128
78.024012006003,-0.6642329330147707
78.05902951475738,0.0345656693244605
78.09404702351176,-1.1515643658057315
78.12906453226614,2.725511122576003
78.1640820410205,-0.9389751970650535
78.19909954977489,1.3079005540377542
78.23411705852926,0.952986491460772
78.26913456728364,1.9827720413689713
78.30415207603802,-1.5308759636114484
78.33916958479239,1.6947140540916426
78.37418709354677,-5.351692780907394
78.40920460230114,-3.42211801095766
78.44422211105552,1.4797328637012979
78.4792396198099,-0.7530166967480149
78.51425712856428,-1.1245065366064209
78.54927463731866,-0.10466638985936043
78.58429214607304,-1.4437439337314313
78.61930965482742,-2.2436002918333755
78.6543271635818,0.0409765976601386
78.68934467233618,3.597398273527186
78.72436218109056,-1.3775973209920183
78.75937968984492,2.3939564891392595
78.7943971985993,-1.641852267419419
78.82941470735368,0.6033627619766115
78.86443221610806,-5.469078360783036
78.89944972486242,-0.21495405582421795
78.9344672336168,1.8017203619808368
78.96948474237118,1.0382853426791543
79.00450225112556,-0.774995069591532
79.03951975987994,-0.817379045502288
79.07453726863432,-1.9294929908794354
79.1095547773887,-2.452565356328762
79.14457228614307,-0.761690374910571
79.17958979489745,-1.1494390902830622
79.21460730365183,1.5221737321906597
79.24962481240621,2.7064987763878405
79.28464232116059,1.155813086977301
79.31965982991495,2.0923953047405264
79.35467733866933,0.3261933757271147
79.38969484742371,0.9615634935307693
79.42471235617809,0.1685446456403421
79.45972986493246,0.6113839610983713
79.49474737368683,-0.3356435650662015
79.52976488244121,1.2800725365765815
79.56478239119559,-4.855010302078849
79.59979989994997,-5.519791212093891
79.63481740870435,2.1371325880170784
79.66983491745873,3.1958350428486177
79.70485242621311,-0.15527042167383243
79.73986993496749,-3.482477006881731
79.77488744372187,-0.6261044790937655
79.80990495247624,0.6763384832437768
79.84492246123062,0.058553137910042366
79.879939969985,4.7509052035737955
79.91495747873937,-0.6905062957067651
79.94997498749375,0.5409904994231568
79.98499249624813,2.4103883690948873
80.0200100050025,-1.0401849804618233
80.05502751375687,3.1388943171621473
80.09004502251125,0.24827109868281744
80.12506253126563,-0.5000336600921546
80.16008004002,-0.2616441632704533
80.19509754877438,-4.780380673870921
80.23011505752876,-1.317451655063013
80.26513256628314,1.3085680118676135
80.30015007503752,1.8434544056289912
80.3351675837919,1.3701132361977815
80.37018509254628,-3.5385903342692258
80.40520260130066,-2.4842582179451735
80.44022011005504,-2.9305344709591665
80.4752376188094,0.384661685015607
80.51025512756378,2.181290947296273
80.54527263631816,-0.25514336911539226
80.58029014507254,3.34751267349231
80.6153076538269,1.7021262685715086
80.65032516258128,-0.8039896628917953
80.68534267133566,3.704147757435813
80.72036018009004,-2.965629650807823
80.75537768884442,-2.653532678113724
80.7903951975988,-1.878356992021445
80.82541270635318,0.5687217254713187
80.86043021510756,0.5036578803803429
80.89544772386193,1.2903218709825923
80.93046523261631,1.3261837417259728
80.96548274137069,-1.9593455984651693
81.00050025012507,2.4655370829941865
81.03551775887944,2.279087271093595
81.07053526763382,2.26070469211516
81.1055527763882,-0.5266631341639776
81.14057028514257,-1.1099875266076589
81.17558779389694,-0.6553358987268186
81.21060530265132,0.8614630496126982
81.2456228114057,-0.6465061125028522
81.28064032016007,1.6764916479926468
81.31565782891445,-0.16010955709042834
81.35067533766883,3.3987912966155336
81.38569284642321,-5.857881308529304
81.42071035517759,-1.0712786200024118
81.45572786393197,-3.109107127428057
81.49074537268635,0.5268701138103761
81.52576288144073,0.07768688961992862
81.5607803901951,1.6691703296272329
81.59579789894948,-1.6017650031359494
81.63081540770385,-2.7997536935949117
81.66583291645823,-1.0611633044846138
81.70085042521261,1.5525752453620099
81.73586793396699,-0.10529072855894456
81.77088544272135,0.2893411503709283
81.80590295147573,1.1960575794219546
81.84092046023011,0.874727718231239
81.87593796898449,-0.1973521320242306
81.91095547773887,1.094168233840513
81.94597298649325,1.0678018589468348
81.98099049524762,0.5495882955681265
82.016008004002,4.084518111956582
82.05102551275638,-3.637981545960323
82.08604302151076,-1.7931722193711186
82.12106053026514,0.02527850053994068
82.15607803901952,0.13267488570580938
82.19109554777388,-1.0625493907490673
82.22611305652826,-1.4421141948908014
82.26113056528264,-2.564054997510805
82.29614807403702,-1.7892198747577803
82.33116558279139,2.711391438961924
82.36618309154576,-1.9826109311858602
82.40120060030014,-0.26299089450521307
82.43621810905452,-1.9151910009490687
82.4712356178089,-0.4813253519577385
82.50625312656328,1.503637289187607
82.54127063531766,-1.0491803686642744
82.57628814407204,0.6313275284370731
82.61130565282642,-1.5568356824436256
82.6463231615808,0.4291476523043676
82.68134067033517,-2.322642878265539
82.71635817908955,2.472411923790706
82.75137568784392,2.0972200090531308
82.7863931965983,-0.5258189913663729
82.82141070535268,0.010798128751074146
82.85642821410705,0.0928497234882355
82.89144572286143,-1.7545891408462977
82.9264632316158,-0.5886947130394086
82.96148074037018,1.932693207028306
82.99649824912456,-6.256876728249545
83.03151575787894,-0.008346598073759528
83.06653326663331,2.226533759104231
83.1015507753877,-0.45703256082162796
83.13656828414207,-1.2614628974737538
83.17158579289645,-0.3827158498185201
83.20660330165083,2.495899693984291
83.24162081040521,-2.016721730992454
83.27663831915959,1.3150940649812846
83.31165582791397,3.501462940198677
83.34667333666833,-3.4079124548673643
83.38169084542271,-1.9519802607873875
83.41670835417709,3.1469893609710815
83.45172586293147,1.0304054619774592
83.48674337168583,-1.902618028801861
83.52176088044021,-1.4196315563734738
83.55677838919459,0.9226370055647002
83.59179589794897,2.440113890872219
83.62681340670335,-5.433183394932639
83.66183091545773,4.175645232541815
83.6968484242121,0.18515029968723962
83.73186593296649,-3.3691476390246464
83.76688344172086,-0.9898184857036781
83.80190095047524,0.325183282616709
83.83691845922962,0.3000968070319144
83.871935967984,1.804285941860003
83.90695347673837,-1.254509189434101
83.94197098549274,4.4022905110852175
83.97698849424712,1.691015359575392
84.0120060030015,0.5922815518132042
84.04702351175588,3.6021885857788862
84.08204102051026,1.0264417029156003
84.11705852926463,1.9292515851823988
84.152076038019,-0.08796052695447264
84.18709354677338,-3.9276758051367744
84.22211105552776,-0.2059451078550024
84.25712856428214,2.265026612011085
84.29214607303652,2.0498083870486457
84.3271635817909,-0.7811543970288386
84.36218109054528,-0.3074402889050697
84.39719859929966,-2.066812803539828
84.43221610805402,2.0385178761394758
84.4672336168084,-0.6811426718988757
84.50225112556278,0.4993993421134686
84.53726863431716,1.5963275240790915
84.57228614307154,-2.1571175037513433
84.60730365182592,-0.46315951285613294
84.6423211605803,-1.9172592619972995
84.67733866933467,-0.47816154879116224
84.71235617808904,-4.289024187973026
84.74737368684342,1.3244573695366966
84.7823911955978,1.0589623800383103
84.81740870435218,-0.10104867487349466
84.85242621310655,-0.24815066455534593
84.88744372186093,1.3391262306436404
84.92246123061531,-2.9259673442164296
84.95747873936969,-1.0603386000609216
84.99249624812406,0.4297172797047022
85.02751375687843,0.08290409745614678
85.06253126563281,-1.2181589733400715
85.09754877438719,2.9663980721747554
85.13256628314157,2.7030172847016827
85.16758379189595,3.2576503107849173
85.20260130065033,2.066325955821863
85.23761880940471,4.849225021064146
85.27263631815907,1.7283615532540995
85.30765382691345,1.855502010594254
85.34267133566783,1.264728683447176
85.37768884442221,1.9265868871674807
85.41270635317659,4.329223196692849
85.44772386193097,0.05816268599217364
85.48274137068535,-0.4083776773300078
85.51775887943973,0.9906332717469509
85.55277638819409,-2.975631941320404
85.58779389694847,1.7956178661991473
85.62281140570285,0.12728823018761626
85.65782891445723,-3.660376392092306
85.6928464232116,0.23754386804670424
85.72786393196598,0.16554509071966395
85.76288144072036,2.499581610087344
85.79789894947474,0.8591369055090816
85.83291645822912,-1.8133243722028904
85.86793396698349,1.040381150054435
85.90295147573786,2.2114492736114286
85.93796898449224,0.8672572938796697
85.97298649324662,-1.2099452845023833
86.008004002001,-1.0012271674922044
86.04302151075538,-0.8758651862379285
86.07803901950976,1.1966909037069426
86.11305652826414,-0.5700865094886436
86.1480740370185,-1.170470572502362
86.18309154577288,-0.2830165523735402
86.21810905452726,0.8997608287783577
86.25312656328164,1.5523692824922963
86.28814407203602,-1.7306377525412235
86.3231615807904,-2.060816038196985
86.35817908954478,-1.5307812489238926
86.39319659829916,-2.551125767330049
86.42821410705352,0.8150143766000773
86.4632316158079,1.7478678184086982
86.49824912456228,-3.7323320451756965
86.53326663331666,-2.4381654587397024
86.56828414207104,0.04815343131110589
86.60330165082541,-2.39499340711229
86.6383191595798,-3.8080879231709877
86.67333666833417,-2.4428967930573755
86.70835417708854,-2.2664020375571208
86.74337168584292,-3.83557651929623
86.7783891945973,-5.636368616131088
86.81340670335167,-1.6537233911389708
86.84842421210605,0.9018775799707703
86.88344172086043,-0.7626255608109247
86.91845922961481,-0.3831925690210796
86.95347673836919,-1.4559450178473141
86.98849424712355,3.0050475761419335
87.02351175587793,-0.48233269272443946
87.05852926463231,-2.3975437023534565
87.09354677338669,-0.03140215987680525
87.12856428214107,-3.767597554747052
87.16358179089545,-1.683508647877855
87.19859929964983,0.27608623071622584
87.23361680840421,1.0912771958245109
87.26863431715859,-1.4470884393027377
87.30365182591295,2.5705351517966046
87.33866933466733,0.9880988174668156
87.37368684342171,-2.120171114157246
87.40870435217609,0.9026794623205682
87.44372186093047,-1.5266688730479516
87.47873936968485,1.8509305861812024
87.51375687843922,-0.4219429023181937
87.5487743871936,0.24661583435783332
87.58379189594797,-1.857261266166382
87.61880940470235,1.7864539878663277
87.65382691345673,0.736096571515226
87.6888444222111,1.1919848923990781
87.72386193096548,-2.518962242958766
87.75887943971986,0.15077028325410108
87.79389694847424,4.621900042557471
87.82891445722862,3.138616627055454
87.86393196598299,0.3574986325450169
87.89894947473736,-1.6071205422530617
87.93396698349174,-0.6561232642656077
87.96898449224612,3.8929794364503962
88.0040020010005,0.5609334098561198
88.03901950975488,0.3151283830913291
88.07403701850926,-0.0063780660439611775
88.10905452726364,-0.26905821507146094
88.144072036018,0.0946841109904918
88.17908954477238,-0.8279493420375296
88.21410705352676,1.0635871795069112
88.24912456228114,-1.803654703690036
88.28414207103552,0.7543665498684651
88.3191595797899,-1.0187816501298796
88.35417708854428,5.621271689125941
88.38919459729865,-1.106633654779644
88.42421210605302,-0.6773377411100657
88.4592296148074,0.23677642437093785
88.49424712356178,3.183954476886687
88.52926463231616,4.844969040675489
88.56428214107054,-0.9215414981199166
88.59929964982491,-1.0922785916354418
88.6343171585793,1.5140561028706407
88.66933466733367,-0.3793366219139916
88.70435217608804,-3.4281011804780834
88.73936968484242,0.657753804069273
88.7743871935968,2.874046149191893
88.80940470235117,0.7046548347385271
88.84442221110555,-1.6476979192648433
88.87943971985993,1.2342757153551196
88.91445722861431,1.7818148491679702
88.94947473736869,4.564956219175529
88.98449224612307,0.54088052526967
89.01950975487743,0.23054289022592922
89.05452726363181,1.1851858622403981
89.08954477238619,0.10638309717453959
89.12456228114057,-4.662709240978173
89.15957978989495,0.08586882499468221
89.19459729864933,0.7113202286958262
89.2296148074037,2.7172827658345846
89.26463231615809,2.845919832635099
89.29964982491245,2.9836767656551553
89.33466733366683,-4.741279526532371
89.36968484242121,0.23157047723222057
89.40470235117559,0.4269815640144629
89.43971985992997,1.6888241789476557
89.47473736868434,1.6773193223935694
89.50975487743872,-2.751074178669597
89.5447723861931,-0.4070509294352233
89.57978989494747,-1.5306615999370752
89.61480740370185,-2.410951094146664
89.64982491245622,1.0799474148707089
89.6848424212106,1.0884780846861062
89.71985992996498,1.4583340059375782
89.75487743871936,0.6753935916318671
89.78989494747374,-2.9064711082680224
89.82491245622812,-1.645561537605186
89.85992996498248,1.2990283531540416
89.89494747373686,-3.1533210574388058
89.92996498249124,1.6094884925693538
89.96498249124562,3.6516091674393456
90.0,-1.1110488928384394
